primer_id,primer_seq,primer_genome
LIB060784_GEN00271244_2_S2:forward_primer_138,CGGGTATACTGTCACCGTCG,LIB060784_GEN00271244_2_S2
LIB060784_GEN00271244_2_S2:reverse_primer_138,TCTTGCGGCGTCGTATAGTC,LIB060784_GEN00271244_2_S2
LIB060784_GEN00271245_3_S3:forward_primer_30,CAAGGTGGCGTTGTGACAAG,LIB060784_GEN00271245_3_S3
LIB060784_GEN00271245_3_S3:reverse_primer_30,CTCGATCGATGTCTCGGCAA,LIB060784_GEN00271245_3_S3
LIB060784_GEN00271246_4_S4:forward_primer_0,GCCACTACCCACTGAGTCAC,LIB060784_GEN00271246_4_S4
LIB060784_GEN00271246_4_S4:reverse_primer_0,ATGCCGACTCAGCCATTTGA,LIB060784_GEN00271246_4_S4
LIB060784_GEN00271249_7_S7:forward_primer_10,GTCAGAGAAACCGGCTTGGA,LIB060784_GEN00271249_7_S7
LIB060784_GEN00271249_7_S7:reverse_primer_10,CGACGGCTTTGCTGATCATG,LIB060784_GEN00271249_7_S7
LIB060784_GEN00271251_9_S9:forward_primer_1,ATCTGCACATAGGTCAGGCG,LIB060784_GEN00271251_9_S9
LIB060784_GEN00271251_9_S9:reverse_primer_1,CGCGCACATTTGGTCAAGAA,LIB060784_GEN00271251_9_S9
LIB060784_GEN00271253_11_S11:forward_primer_118,TGCGGTCGAATAGGATTCCG,LIB060784_GEN00271253_11_S11
LIB060784_GEN00271253_11_S11:reverse_primer_118,GCATAACAAGCTGCTCGTCG,LIB060784_GEN00271253_11_S11
LIB060784_GEN00271254_12_S12:forward_primer_0,CGAAGAGATCGCCCGGATAG,LIB060784_GEN00271254_12_S12
LIB060784_GEN00271254_12_S12:reverse_primer_0,AAGAAATCTACGCCCAGGGC,LIB060784_GEN00271254_12_S12
LIB060784_GEN00271257_15_S15:forward_primer_19,TGGCGGAGAATCAAGATCGG,LIB060784_GEN00271257_15_S15
LIB060784_GEN00271257_15_S15:reverse_primer_19,TGAAGCATGCAGTACGCTCA,LIB060784_GEN00271257_15_S15
LIB060784_GEN00271258_16_S16:forward_primer_10,GTATCGACATCGGTCTGCGT,LIB060784_GEN00271258_16_S16
LIB060784_GEN00271258_16_S16:reverse_primer_10,GTGGACCTACGCCTTGAACA,LIB060784_GEN00271258_16_S16
LIB060784_GEN00271260_18_S18:forward_primer_20,GCAACGCCAGCTTCTTCAAA,LIB060784_GEN00271260_18_S18
LIB060784_GEN00271260_18_S18:reverse_primer_20,CGCGTGCGAGAAATCTCTTG,LIB060784_GEN00271260_18_S18
LIB060784_GEN00271262_20_S20:forward_primer_4,AACAACCAAGCATTCGTGGC,LIB060784_GEN00271262_20_S20
LIB060784_GEN00271262_20_S20:reverse_primer_4,GTGATTATTCGGGCGTTGGC,LIB060784_GEN00271262_20_S20
LIB060784_GEN00271264_22_S22:forward_primer_136,GTGGTTTGTTCACCGTCACG,LIB060784_GEN00271264_22_S22
LIB060784_GEN00271264_22_S22:reverse_primer_136,AACTTGACGAACTGTTGCGC,LIB060784_GEN00271264_22_S22
LIB060784_GEN00271265_23_S23:forward_primer_12,CGCTTGATCAATACCGTGCC,LIB060784_GEN00271265_23_S23
LIB060784_GEN00271265_23_S23:reverse_primer_12,TGTAGCTCTGGGTGTTGCTG,LIB060784_GEN00271265_23_S23
LIB060784_GEN00271266_24_S24:forward_primer_25,CTATTCCCTGCCGCATCTGT,LIB060784_GEN00271266_24_S24
LIB060784_GEN00271266_24_S24:reverse_primer_25,GACGGTGGTTGTAAATGGCG,LIB060784_GEN00271266_24_S24
LIB060784_GEN00271267_25_S25:forward_primer_12,TCGTCCAAGTTCTTCGCGAA,LIB060784_GEN00271267_25_S25
LIB060784_GEN00271267_25_S25:reverse_primer_12,GCGTTCGAGTAATTGCCGAC,LIB060784_GEN00271267_25_S25
LIB060784_GEN00271268_26_S26:forward_primer_0,CAGTTGCAAGATCGCCATCG,LIB060784_GEN00271268_26_S26
LIB060784_GEN00271268_26_S26:reverse_primer_0,GGGTACGCCTTCTGTCAACA,LIB060784_GEN00271268_26_S26
LIB060784_GEN00271269_27_S27:forward_primer_28,CCGTGCTCGCTGCTTTAATC,LIB060784_GEN00271269_27_S27
LIB060784_GEN00271269_27_S27:reverse_primer_28,GCTATCGGCAAAGAACTGCG,LIB060784_GEN00271269_27_S27
LIB060784_GEN00271271_29_S29:forward_primer_30,TACCGGTGGAAAAACCCTCG,LIB060784_GEN00271271_29_S29
LIB060784_GEN00271271_29_S29:reverse_primer_30,ACAAGATCGCCCGTGACAAT,LIB060784_GEN00271271_29_S29
LIB060784_GEN00271272_30_S30:forward_primer_0,CATCTGCTCGATCGAGTGCT,LIB060784_GEN00271272_30_S30
LIB060784_GEN00271272_30_S30:reverse_primer_0,CTTCCTCTTTGGTGGCGACA,LIB060784_GEN00271272_30_S30
LIB060784_GEN00271274_32_S32:forward_primer_0,TTTCAAGGGACGTCGATCCG,LIB060784_GEN00271274_32_S32
LIB060784_GEN00271274_32_S32:reverse_primer_0,GTCTTGTAGCCGAGGCACTT,LIB060784_GEN00271274_32_S32
LIB060784_GEN00271276_34_S34:forward_primer_14,TTTCCTGCGGGACTTCAGAC,LIB060784_GEN00271276_34_S34
LIB060784_GEN00271276_34_S34:reverse_primer_14,CGCATATTTTCGCTCGCCAA,LIB060784_GEN00271276_34_S34
LIB060784_GEN00271279_37_S37:forward_primer_71,GCCTTTGCTATCAGCGTTCG,LIB060784_GEN00271279_37_S37
LIB060784_GEN00271279_37_S37:reverse_primer_71,CGATCGGCAATCAGCTTGTG,LIB060784_GEN00271279_37_S37
LIB060784_GEN00271280_38_S38:forward_primer_26,TTCTGCAGCGAGAGTATGCC,LIB060784_GEN00271280_38_S38
LIB060784_GEN00271280_38_S38:reverse_primer_26,GTCCAAGCGCAATGAAGTGG,LIB060784_GEN00271280_38_S38
LIB060784_GEN00271281_39_S39:forward_primer_23,CGGCTTAAATTATGCGGCGA,LIB060784_GEN00271281_39_S39
LIB060784_GEN00271281_39_S39:reverse_primer_23,CGTTGAATATGCCACGCTCG,LIB060784_GEN00271281_39_S39
LIB060784_GEN00271283_41_S41:forward_primer_0,GCAGTTGAAGCAGCAGTTCC,LIB060784_GEN00271283_41_S41
LIB060784_GEN00271283_41_S41:reverse_primer_0,AACATCGGCTACGCTACAGG,LIB060784_GEN00271283_41_S41
LIB060784_GEN00271285_43_S43:forward_primer_816,CGCCAGCACATCGTAAATGG,LIB060784_GEN00271285_43_S43
LIB060784_GEN00271285_43_S43:reverse_primer_816,CGAAGGCGTAAACAGCATCG,LIB060784_GEN00271285_43_S43
LIB060784_GEN00271285_43_S43:forward_primer_816,CGCCAGCACATCGTAAATGG,LIB060784_GEN00271285_43_S43
LIB060784_GEN00271285_43_S43:reverse_primer_816,CGAAGGCGTAAACAGCATCG,LIB060784_GEN00271285_43_S43
LIB060784_GEN00271286_44_S44:forward_primer_0,GTCAGTCCGATTGCTACACCA,LIB060784_GEN00271286_44_S44
LIB060784_GEN00271286_44_S44:reverse_primer_0,CACACCTATGCTCGCAGGAT,LIB060784_GEN00271286_44_S44
LIB060784_GEN00271287_45_S45:forward_primer_10,CTTAAAGAGCGCGGCGTTAC,LIB060784_GEN00271287_45_S45
LIB060784_GEN00271287_45_S45:reverse_primer_10,ATTTGCCATCCCAGGACAGG,LIB060784_GEN00271287_45_S45
LIB060784_GEN00271288_46_S46:forward_primer_0,CGAGCTTGAATTCGACAGCG,LIB060784_GEN00271288_46_S46
LIB060784_GEN00271288_46_S46:reverse_primer_0,TTTTCTGACGACGAGCTGCT,LIB060784_GEN00271288_46_S46
LIB060784_GEN00271290_48_S48:forward_primer_1,TCATCTGCGCGATACCCTTC,LIB060784_GEN00271290_48_S48
LIB060784_GEN00271290_48_S48:reverse_primer_1,CTACAACAATCTGCGCGTCG,LIB060784_GEN00271290_48_S48
LIB060784_GEN00271291_49_S49:forward_primer_11,CAACCCTCTTTGGCCTTTGC,LIB060784_GEN00271291_49_S49
LIB060784_GEN00271291_49_S49:reverse_primer_11,CAATGGGCTGCAACGTTTCA,LIB060784_GEN00271291_49_S49
LIB060784_GEN00271292_50_S50:forward_primer_52,CCACCTGAGGCAGTAACCAA,LIB060784_GEN00271292_50_S50
LIB060784_GEN00271292_50_S50:reverse_primer_52,CATTGGCATCACGCACTTCC,LIB060784_GEN00271292_50_S50
LIB060784_GEN00271295_53_S53:forward_primer_45,CCTGGGCTCAAAACCATCGA,LIB060784_GEN00271295_53_S53
LIB060784_GEN00271295_53_S53:reverse_primer_45,AAGAAGGCATTTGTTCGGCG,LIB060784_GEN00271295_53_S53
LIB060784_GEN00271296_54_S54:forward_primer_5,GGCCTGGTATCGTCTGGATG,LIB060784_GEN00271296_54_S54
LIB060784_GEN00271296_54_S54:reverse_primer_5,GATGCGGGATATGGCAGTGA,LIB060784_GEN00271296_54_S54
LIB060784_GEN00271303_61_S61:forward_primer_0,CGCCATTTCTCCTCACCCTT,LIB060784_GEN00271303_61_S61
LIB060784_GEN00271303_61_S61:reverse_primer_0,CGCGGGAATGACAAAGCTTC,LIB060784_GEN00271303_61_S61
LIB060784_GEN00271305_63_S63:forward_primer_11,AGCTTGATGTTGGAGCCCTC,LIB060784_GEN00271305_63_S63
LIB060784_GEN00271305_63_S63:reverse_primer_11,GTGTTGACCCAAAGCGTCAC,LIB060784_GEN00271305_63_S63
LIB060784_GEN00271306_64_S64:forward_primer_0,GAAAGTCGGCGCGTATTTCC,LIB060784_GEN00271306_64_S64
LIB060784_GEN00271306_64_S64:reverse_primer_0,CGACATTCTTTACAGCCGCG,LIB060784_GEN00271306_64_S64
LIB060784_GEN00271308_66_S66:forward_primer_28,CGAAGATTGCGATGCTTGGG,LIB060784_GEN00271308_66_S66
LIB060784_GEN00271308_66_S66:reverse_primer_28,CGCTTTGCTCTCATCGAAGC,LIB060784_GEN00271308_66_S66
LIB060784_GEN00271309_67_S67:forward_primer_0,CACACAACAGCGGTTTAGCC,LIB060784_GEN00271309_67_S67
LIB060784_GEN00271309_67_S67:reverse_primer_0,TCATTTTGGAGCGCTTGCAC,LIB060784_GEN00271309_67_S67
LIB060784_GEN00271310_68_S68:forward_primer_0,CCCCTGACTAAACGCCCTTT,LIB060784_GEN00271310_68_S68
LIB060784_GEN00271310_68_S68:reverse_primer_0,GGTGAAAAGTACCCCGAGCA,LIB060784_GEN00271310_68_S68
LIB060784_GEN00271311_69_S69:forward_primer_15,ACAGACTCAAGAACTGGCGG,LIB060784_GEN00271311_69_S69
LIB060784_GEN00271311_69_S69:reverse_primer_15,CGCTCGTGGACAAAGGGTAT,LIB060784_GEN00271311_69_S69
LIB060784_GEN00271312_70_S70:forward_primer_1,GTTCGGAACACAGCCAACAC,LIB060784_GEN00271312_70_S70
LIB060784_GEN00271312_70_S70:reverse_primer_1,GCCAAAGTGCGGTTCGAATT,LIB060784_GEN00271312_70_S70
LIB060784_GEN00271314_72_S72:forward_primer_0,AAGAACGAGGGGAACGTGAC,LIB060784_GEN00271314_72_S72
LIB060784_GEN00271314_72_S72:reverse_primer_0,TAAACCCAACTCTCGCCCAC,LIB060784_GEN00271314_72_S72
LIB060784_GEN00271315_73_S73:forward_primer_100,TGGCTACTTTCAGGCTTCCG,LIB060784_GEN00271315_73_S73
LIB060784_GEN00271315_73_S73:reverse_primer_100,TACTTCTGCCGGACGACCTA,LIB060784_GEN00271315_73_S73
LIB060784_GEN00271317_75_S75:forward_primer_125,CATCTTCGGGATGGACCTCG,LIB060784_GEN00271317_75_S75
LIB060784_GEN00271317_75_S75:reverse_primer_125,CGCGCAAGGAAATCTCGAAG,LIB060784_GEN00271317_75_S75
LIB060784_GEN00271318_76_S76:forward_primer_0,CTGGCAGGGACAGCAAAGG,LIB060784_GEN00271318_76_S76
LIB060784_GEN00271318_76_S76:reverse_primer_0,GCTCCATTGCACTGACGC,LIB060784_GEN00271318_76_S76
LIB060784_GEN00271323_81_S81:forward_primer_345,ACTGTTCGGGGGAAATTACTGT,LIB060784_GEN00271323_81_S81
LIB060784_GEN00271323_81_S81:reverse_primer_345,CGCTTGATGTATTGCCACAGG,LIB060784_GEN00271323_81_S81
LIB060784_GEN00271327_85_S85:forward_primer_230,CGGAGAGAGGGTTGTTGAGG,LIB060784_GEN00271327_85_S85
LIB060784_GEN00271327_85_S85:reverse_primer_230,CACATGAACGGCCGTGTCTA,LIB060784_GEN00271327_85_S85
LIB060784_GEN00271328_86_S86:forward_primer_30,CGGATGGTTTGGGCTTTGTG,LIB060784_GEN00271328_86_S86
LIB060784_GEN00271328_86_S86:reverse_primer_30,CCTTCCGAGTTCCTCACGAG,LIB060784_GEN00271328_86_S86
LIB060784_GEN00271329_87_S87:forward_primer_0,GTCACTATGCCCACGTGGAT,LIB060784_GEN00271329_87_S87
LIB060784_GEN00271329_87_S87:reverse_primer_0,TGCTCAGCAACTCACGAACT,LIB060784_GEN00271329_87_S87
LIB060784_GEN00271330_88_S88:forward_primer_0,GGATACACGTCCATCGCGAT,LIB060784_GEN00271330_88_S88
LIB060784_GEN00271330_88_S88:reverse_primer_0,CCCTTGATCATCTCGCACCA,LIB060784_GEN00271330_88_S88
LIB060784_GEN00271331_89_S89:forward_primer_0,GGTCGAACAAAAAGGTGCCC,LIB060784_GEN00271331_89_S89
LIB060784_GEN00271331_89_S89:reverse_primer_0,GTTGGTGGACCCCATCTCTG,LIB060784_GEN00271331_89_S89
LIB060784_GEN00271332_90_S90:forward_primer_17,TATCGAGTGTCCGCGTGATG,LIB060784_GEN00271332_90_S90
LIB060784_GEN00271332_90_S90:reverse_primer_17,CGTTTTGTGCGCCTTGTGTA,LIB060784_GEN00271332_90_S90
LIB060784_GEN00271337_95_S95:forward_primer_0,CTTTTGACTATCGCGCACCG,LIB060784_GEN00271337_95_S95
LIB060784_GEN00271337_95_S95:reverse_primer_0,GTGATCGGCGAATGTTCAGC,LIB060784_GEN00271337_95_S95
LIB060784_GEN00271338_96_S96:forward_primer_10,TTTGAGGGGGAGTGGGAAGA,LIB060784_GEN00271338_96_S96
LIB060784_GEN00271338_96_S96:reverse_primer_10,TCACCTCCTAGAGCGACATCA,LIB060784_GEN00271338_96_S96
LIB060784_GEN00271341_99_S99:forward_primer_0,CGAGATCGAAGCCAAGCTGA,LIB060784_GEN00271341_99_S99
LIB060784_GEN00271341_99_S99:reverse_primer_0,ATGTATTCGGGCAACTGGCT,LIB060784_GEN00271341_99_S99
LIB060784_GEN00271342_100_S100:forward_primer_12,TCGTGTTCTGTGACTCGGTG,LIB060784_GEN00271342_100_S100
LIB060784_GEN00271342_100_S100:reverse_primer_12,GCGTCTCTGATTCGAAACGC,LIB060784_GEN00271342_100_S100
LIB060784_GEN00271345_103_S103:forward_primer_20,AGACCGTTGCAGATCAGAGC,LIB060784_GEN00271345_103_S103
LIB060784_GEN00271345_103_S103:reverse_primer_20,TCAACCACAACTGGAACCCC,LIB060784_GEN00271345_103_S103
LIB060784_GEN00271350_108_S108:forward_primer_20,CGAACTTAAAGAGCGACGCG,LIB060784_GEN00271350_108_S108
LIB060784_GEN00271350_108_S108:reverse_primer_20,GAAGCTGGAGGCCTACGATC,LIB060784_GEN00271350_108_S108
LIB060784_GEN00271352_110_S110:forward_primer_11,GTTGAAAAACGTCGACCGCA,LIB060784_GEN00271352_110_S110
LIB060784_GEN00271352_110_S110:reverse_primer_11,CGGCGCTATTCAGCTTTCAC,LIB060784_GEN00271352_110_S110
LIB060784_GEN00271353_111_S111:forward_primer_10,ACTGTCGTCGTCTTTCGCTT,LIB060784_GEN00271353_111_S111
LIB060784_GEN00271353_111_S111:reverse_primer_10,GCCCGAAAAGAGTCACTGGA,LIB060784_GEN00271353_111_S111
LIB060784_GEN00271358_116_S116:forward_primer_11,GCCGGGGCTTTTCAAATCAG,LIB060784_GEN00271358_116_S116
LIB060784_GEN00271358_116_S116:reverse_primer_11,CCAAGAGGCTCAGGATCAGG,LIB060784_GEN00271358_116_S116
LIB060784_GEN00271361_119_S119:forward_primer_0,CGACCTGCGCAACTTTTTCA,LIB060784_GEN00271361_119_S119
LIB060784_GEN00271361_119_S119:reverse_primer_0,CGAGGCGAAATAACTGCTGC,LIB060784_GEN00271361_119_S119
LIB060784_GEN00271362_120_S120:forward_primer_20,GGATCGAATGCAAACGCTCC,LIB060784_GEN00271362_120_S120
LIB060784_GEN00271362_120_S120:reverse_primer_20,GCGTTGTGTTTGTCCCTGTC,LIB060784_GEN00271362_120_S120
LIB060784_GEN00271363_121_S121:forward_primer_26,GATGAGATCCAGGGCGAAGG,LIB060784_GEN00271363_121_S121
LIB060784_GEN00271363_121_S121:reverse_primer_26,GCTGCTCGATCGCGATTTTT,LIB060784_GEN00271363_121_S121
LIB060784_GEN00271365_123_S123:forward_primer_1,GATCTGACCTTCAGGGCTCG,LIB060784_GEN00271365_123_S123
LIB060784_GEN00271365_123_S123:reverse_primer_1,TGGGTTACCGCTTCAACGAA,LIB060784_GEN00271365_123_S123
LIB060784_GEN00271366_124_S124:forward_primer_139,GGGTCTCCTTCATCTGTCCG,LIB060784_GEN00271366_124_S124
LIB060784_GEN00271366_124_S124:reverse_primer_139,GTGACCGGATGGAGCGCAA,LIB060784_GEN00271366_124_S124
LIB060784_GEN00271370_128_S128:forward_primer_10,CAGGGTTTCGGACAACTCGA,LIB060784_GEN00271370_128_S128
LIB060784_GEN00271370_128_S128:reverse_primer_10,CGAGCAAAGGCACATCGATG,LIB060784_GEN00271370_128_S128
LIB060784_GEN00271371_129_S129:forward_primer_0,AATCAGGCTGCCATTCCACA,LIB060784_GEN00271371_129_S129
LIB060784_GEN00271371_129_S129:reverse_primer_0,GCGAAAGGCGGTGAGAAATG,LIB060784_GEN00271371_129_S129
LIB060784_GEN00271374_132_S132:forward_primer_5,TCGAAAAACAACGTGCCGAC,LIB060784_GEN00271374_132_S132
LIB060784_GEN00271374_132_S132:reverse_primer_5,GCAGTCGATAAAGCGGCAAG,LIB060784_GEN00271374_132_S132
LIB060784_GEN00271375_133_S133:forward_primer_20,CGCCGAGCACGAACATAAAG,LIB060784_GEN00271375_133_S133
LIB060784_GEN00271375_133_S133:reverse_primer_20,CACCAAACGCTTCGCTTTCA,LIB060784_GEN00271375_133_S133
LIB060784_GEN00271381_139_S139:forward_primer_0,GGATTTATTATCCCTGTGTCGCA,LIB060784_GEN00271381_139_S139
LIB060784_GEN00271381_139_S139:reverse_primer_0,AGGCTTAAAAGTGCTTGAAAAAGT,LIB060784_GEN00271381_139_S139
LIB060784_GEN00271382_140_S140:forward_primer_15,AGAGGTGCGGATTCTTGTGG,LIB060784_GEN00271382_140_S140
LIB060784_GEN00271382_140_S140:reverse_primer_15,TTGAAGAGGCCGCCATGATT,LIB060784_GEN00271382_140_S140
LIB060784_GEN00271385_143_S143:forward_primer_154,CGTACGAGGTGTAGTCGACG,LIB060784_GEN00271385_143_S143
LIB060784_GEN00271385_143_S143:reverse_primer_154,ACAAGGTCAACTACGGCTGG,LIB060784_GEN00271385_143_S143
LIB060784_GEN00271388_146_S146:forward_primer_0,GCGTCGCGTTGTACTCATTC,LIB060784_GEN00271388_146_S146
LIB060784_GEN00271388_146_S146:reverse_primer_0,GCTAAGCGGGCGTTATTGTG,LIB060784_GEN00271388_146_S146
LIB060784_GEN00271391_149_S149:forward_primer_0,TCTCCATCACCAACGCCTTC,LIB060784_GEN00271391_149_S149
LIB060784_GEN00271391_149_S149:reverse_primer_0,GCGGGTTTTGGAGGAGATGA,LIB060784_GEN00271391_149_S149
LIB060784_GEN00271392_150_S150:forward_primer_35,GCAGATCCGACACGTGATCT,LIB060784_GEN00271392_150_S150
LIB060784_GEN00271392_150_S150:reverse_primer_35,CAGCGCGCCGATATTTTCTC,LIB060784_GEN00271392_150_S150
LIB060784_GEN00271396_154_S154:forward_primer_0,TTCACAAGGGTTTTGGGGCT,LIB060784_GEN00271396_154_S154
LIB060784_GEN00271396_154_S154:reverse_primer_0,TTGAGACGACTTGGACGTGG,LIB060784_GEN00271396_154_S154
LIB060784_GEN00271399_157_S157:forward_primer_77,TGTCGCGCAAGATCACATTG,LIB060784_GEN00271399_157_S157
LIB060784_GEN00271399_157_S157:reverse_primer_77,GGCCAACCACCTCGAGTG,LIB060784_GEN00271399_157_S157
LIB060784_GEN00271400_158_S158:forward_primer_27,CACAAACTGTGGCGCGTTTA,LIB060784_GEN00271400_158_S158
LIB060784_GEN00271400_158_S158:reverse_primer_27,GAACCTAGAGACGAGAGCGC,LIB060784_GEN00271400_158_S158
LIB060784_GEN00271403_161_S161:forward_primer_3,GGGCGCGATAACGTTCTTTC,LIB060784_GEN00271403_161_S161
LIB060784_GEN00271403_161_S161:reverse_primer_3,GCGTCTTTGATCGACATGGC,LIB060784_GEN00271403_161_S161
LIB060784_GEN00271404_162_S162:forward_primer_0,CCGTATCGCCGTGTTCGATA,LIB060784_GEN00271404_162_S162
LIB060784_GEN00271404_162_S162:reverse_primer_0,TTCATCAGGCCGTCAAGTCC,LIB060784_GEN00271404_162_S162
LIB060784_GEN00271408_166_S166:forward_primer_0,CGCACATCGAACTTGTAGCG,LIB060784_GEN00271408_166_S166
LIB060784_GEN00271408_166_S166:reverse_primer_0,CGAATCGCTACAACGTGCTG,LIB060784_GEN00271408_166_S166
LIB060784_GEN00271409_167_S167:forward_primer_0,CGATTGCAACGGCCGTTTAT,LIB060784_GEN00271409_167_S167
LIB060784_GEN00271409_167_S167:reverse_primer_0,GAAGTTGAAGCCGCTTTGCA,LIB060784_GEN00271409_167_S167
LIB060784_GEN00271411_169_S169:forward_primer_115,TCGGGTGCTGAGACAAAGTC,LIB060784_GEN00271411_169_S169
LIB060784_GEN00271411_169_S169:reverse_primer_115,ATGACGGCACTACCCTGAAG,LIB060784_GEN00271411_169_S169
LIB060784_GEN00271412_170_S170:forward_primer_93,TCGGCACCAACACCTACATC,LIB060784_GEN00271412_170_S170
LIB060784_GEN00271412_170_S170:reverse_primer_93,CATAGGTCGCGTCGGTGTAG,LIB060784_GEN00271412_170_S170
LIB060784_GEN00271413_171_S171:forward_primer_32,TCTGGGGCATCTTCGCATTT,LIB060784_GEN00271413_171_S171
LIB060784_GEN00271413_171_S171:reverse_primer_32,CCGTTCTCAGCTGGCGATAT,LIB060784_GEN00271413_171_S171
LIB060784_GEN00271414_172_S172:forward_primer_10,ATTCGCCGTGATAGTCGAGC,LIB060784_GEN00271414_172_S172
LIB060784_GEN00271414_172_S172:reverse_primer_10,ACATGATGTTCGAGGGAGCC,LIB060784_GEN00271414_172_S172
LIB060784_GEN00271416_174_S174:forward_primer_28,TCGCTGAAAGTCCGAAACGA,LIB060784_GEN00271416_174_S174
LIB060784_GEN00271416_174_S174:reverse_primer_28,GCACCGACATTATGTGTGGC,LIB060784_GEN00271416_174_S174
LIB060784_GEN00271418_176_S176:forward_primer_10,GGTGCAAATCTCTCAGGCCT,LIB060784_GEN00271418_176_S176
LIB060784_GEN00271418_176_S176:reverse_primer_10,GCGCTTGATCGAGAACGTTC,LIB060784_GEN00271418_176_S176
LIB060784_GEN00271421_179_S179:forward_primer_20,AAGCAAGCCTGAAGAAGCCT,LIB060784_GEN00271421_179_S179
LIB060784_GEN00271421_179_S179:reverse_primer_20,GCTTCCTGCAGCTTGTGAGA,LIB060784_GEN00271421_179_S179
LIB060784_GEN00271422_180_S180:forward_primer_0,GTTCGATCCCGAGGTGAAGG,LIB060784_GEN00271422_180_S180
LIB060784_GEN00271422_180_S180:reverse_primer_0,GTAGGAGCTCGTTGTCCTCG,LIB060784_GEN00271422_180_S180
LIB060784_GEN00271423_181_S181:forward_primer_16,GCAAGGAAGACGAACTCCCA,LIB060784_GEN00271423_181_S181
LIB060784_GEN00271423_181_S181:reverse_primer_16,GTTCGCGCACTTCGTATTCC,LIB060784_GEN00271423_181_S181
LIB060784_GEN00271424_182_S182:forward_primer_26,CTCCGAGTGAGGTCGCATAC,LIB060784_GEN00271424_182_S182
LIB060784_GEN00271424_182_S182:reverse_primer_26,ATAGGTGTTGTCAAGCGGGG,LIB060784_GEN00271424_182_S182
LIB060784_GEN00271427_185_S185:forward_primer_23,TTGCTTCTCGTTTGCGTTGG,LIB060784_GEN00271427_185_S185
LIB060784_GEN00271427_185_S185:reverse_primer_23,TGTTGGGCTAAATGCGGACT,LIB060784_GEN00271427_185_S185
LIB060784_GEN00271428_186_S186:forward_primer_0,TGGTCCCGAGCATCAACAAG,LIB060784_GEN00271428_186_S186
LIB060784_GEN00271428_186_S186:reverse_primer_0,CTCACCGCCGCATTGATCT,LIB060784_GEN00271428_186_S186
LIB060784_GEN00271429_187_S187:forward_primer_11,GTCGACACACTGCTGTCTCA,LIB060784_GEN00271429_187_S187
LIB060784_GEN00271429_187_S187:reverse_primer_11,GAACGCGTTCTTCGATGACG,LIB060784_GEN00271429_187_S187
LIB060784_GEN00271430_188_S188:forward_primer_35,AATTGCATCCGAGATGGCCA,LIB060784_GEN00271430_188_S188
LIB060784_GEN00271430_188_S188:reverse_primer_35,ACCAAGCTTTTCGGGTGACA,LIB060784_GEN00271430_188_S188
LIB060784_GEN00271431_189_S189:forward_primer_100,CAGCCTGCGATTGACGAATG,LIB060784_GEN00271431_189_S189
LIB060784_GEN00271431_189_S189:reverse_primer_100,CCGCAAAGGCATGTCCAAAA,LIB060784_GEN00271431_189_S189
LIB060784_GEN00271432_190_S190:forward_primer_20,CGCAATCATTCGTCGGAACC,LIB060784_GEN00271432_190_S190
LIB060784_GEN00271432_190_S190:reverse_primer_20,GGGGCCGTGATATCAGTGAG,LIB060784_GEN00271432_190_S190
